{
  "config": {
    "model_name": "microsoft/deberta-base",
    "k_folds": 5,
    "epochs": 7,
    "batch_size": 16,
    "learning_rate": 3e-05,
    "max_length": 128,
    "max_negatives": 400,
    "loss_type": "effective_num",
    "label_smoothing": 0.1,
    "focal_gamma": null,
    "effective_num_beta": 0.999,
    "distillation": false,
    "distill_alpha": null,
    "distill_temperature": null,
    "total_samples": 1596,
    "total_posts": 1189
  },
  "aggregated": {
    "accuracy": {
      "mean": 0.8044231422101454,
      "std": 0.010014044349345283,
      "values": [
        0.7893258426966292,
        0.8141891891891891,
        0.7955974842767296,
        0.8115015974440895,
        0.8115015974440895
      ]
    },
    "micro_f1": {
      "mean": 0.8044231422101454,
      "std": 0.010014044349345283,
      "values": [
        0.7893258426966292,
        0.8141891891891891,
        0.7955974842767296,
        0.8115015974440895,
        0.8115015974440895
      ]
    },
    "macro_f1": {
      "mean": 0.76576781133792,
      "std": 0.02341675324265646,
      "values": [
        0.8002433945472252,
        0.768640507357809,
        0.767899067459863,
        0.7265210662739304,
        0.7655350210507728
      ]
    },
    "micro_precision": {
      "mean": 0.8044231422101454,
      "std": 0.010014044349345283,
      "values": [
        0.7893258426966292,
        0.8141891891891891,
        0.7955974842767296,
        0.8115015974440895,
        0.8115015974440895
      ]
    },
    "micro_recall": {
      "mean": 0.8044231422101454,
      "std": 0.010014044349345283,
      "values": [
        0.7893258426966292,
        0.8141891891891891,
        0.7955974842767296,
        0.8115015974440895,
        0.8115015974440895
      ]
    },
    "macro_precision": {
      "mean": 0.7503805865349296,
      "std": 0.023337180086172478,
      "values": [
        0.783730174399288,
        0.7506667216784518,
        0.7571542364102943,
        0.7108303328130914,
        0.7495214673735227
      ]
    },
    "macro_recall": {
      "mean": 0.8070937659719688,
      "std": 0.021603111148288064,
      "values": [
        0.8413135067351575,
        0.8173804936315722,
        0.7847969807678689,
        0.7834812669518871,
        0.8084965817733579
      ]
    },
    "per_class": {
      "DEPRESSED_MOOD": {
        "precision": {
          "mean": 0.8410321482243337,
          "std": 0.060362242894282006
        },
        "recall": {
          "mean": 0.8935168802337724,
          "std": 0.04273701539344125
        },
        "f1": {
          "mean": 0.864947053694142,
          "std": 0.04038840192192514
        },
        "support": {
          "mean": 63.0,
          "std": 3.03315017762062
        }
      },
      "ANHEDONIA": {
        "precision": {
          "mean": 0.724953669518887,
          "std": 0.07796068191584024
        },
        "recall": {
          "mean": 0.8653542948279791,
          "std": 0.09368400383998864
        },
        "f1": {
          "mean": 0.7816127878212595,
          "std": 0.03390505955244345
        },
        "support": {
          "mean": 22.4,
          "std": 2.3323807579381204
        }
      },
      "APPETITE_CHANGE": {
        "precision": {
          "mean": 0.7300000000000001,
          "std": 0.09679150293968121
        },
        "recall": {
          "mean": 0.9105555555555555,
          "std": 0.0836733802825082
        },
        "f1": {
          "mean": 0.807218045112782,
          "std": 0.07585061383981517
        },
        "support": {
          "mean": 8.8,
          "std": 0.7483314773547882
        }
      },
      "SLEEP_ISSUES": {
        "precision": {
          "mean": 0.8096365663322185,
          "std": 0.07489228045522073
        },
        "recall": {
          "mean": 0.9595583160800552,
          "std": 0.04080677121588811
        },
        "f1": {
          "mean": 0.8771035391244452,
          "std": 0.05672224883111981
        },
        "support": {
          "mean": 20.4,
          "std": 1.7435595774162693
        }
      },
      "PSYCHOMOTOR": {
        "precision": {
          "mean": 0.6238095238095237,
          "std": 0.1493751156319821
        },
        "recall": {
          "mean": 0.738095238095238,
          "std": 0.17300859166271382
        },
        "f1": {
          "mean": 0.6745421245421246,
          "std": 0.157180421921292
        },
        "support": {
          "mean": 6.2,
          "std": 0.39999999999999997
        }
      },
      "FATIGUE": {
        "precision": {
          "mean": 0.8615718062627671,
          "std": 0.049637246442589246
        },
        "recall": {
          "mean": 0.9195470616340182,
          "std": 0.055320106313905854
        },
        "f1": {
          "mean": 0.8884045189466813,
          "std": 0.03979535042969755
        },
        "support": {
          "mean": 25.2,
          "std": 1.7204650534085253
        }
      },
      "WORTHLESSNESS": {
        "precision": {
          "mean": 0.8959218559218558,
          "std": 0.06993673300215529
        },
        "recall": {
          "mean": 0.9058872805411813,
          "std": 0.027641095718356743
        },
        "f1": {
          "mean": 0.8995320698625047,
          "std": 0.04023224817334756
        },
        "support": {
          "mean": 62.0,
          "std": 2.9664793948382653
        }
      },
      "COGNITIVE_ISSUES": {
        "precision": {
          "mean": 0.5682212885154062,
          "std": 0.10574309829588559
        },
        "recall": {
          "mean": 0.8383838383838385,
          "std": 0.10860347519770192
        },
        "f1": {
          "mean": 0.6744761904761905,
          "std": 0.10430793414077644
        },
        "support": {
          "mean": 10.2,
          "std": 0.9797958971132713
        }
      },
      "SUICIDAL_THOUGHTS": {
        "precision": {
          "mean": 0.9518820439873071,
          "std": 0.019361467875059532
        },
        "recall": {
          "mean": 0.9730683430683431,
          "std": 0.016258349959796747
        },
        "f1": {
          "mean": 0.9621127464750849,
          "std": 0.009262032928675836
        },
        "support": {
          "mean": 36.4,
          "std": 1.4966629547095767
        }
      },
      "SPECIAL_CASE": {
        "precision": {
          "mean": 0.6563827838827839,
          "std": 0.09675103057941814
        },
        "recall": {
          "mean": 0.5553846153846154,
          "std": 0.11300218473157558
        },
        "f1": {
          "mean": 0.5918146987112504,
          "std": 0.0812225518702407
        },
        "support": {
          "mean": 13.4,
          "std": 1.0198039027185568
        }
      },
      "NO_SYMPTOM": {
        "precision": {
          "mean": 0.5907747654291433,
          "std": 0.12458141515039513
        },
        "recall": {
          "mean": 0.3186800018870595,
          "std": 0.12630904113773095
        },
        "f1": {
          "mean": 0.40168214995065743,
          "std": 0.13554915864364409
        },
        "support": {
          "mean": 51.2,
          "std": 18.583863968507735
        }
      }
    }
  },
  "per_fold": [
    {
      "fold": 1,
      "accuracy": 0.7893258426966292,
      "micro_f1": 0.7893258426966292,
      "macro_f1": 0.8002433945472252,
      "micro_precision": 0.7893258426966292,
      "micro_recall": 0.7893258426966292,
      "macro_precision": 0.783730174399288,
      "macro_recall": 0.8413135067351575,
      "per_class": {
        "DEPRESSED_MOOD": {
          "precision": 0.7307692307692307,
          "recall": 0.890625,
          "f1": 0.8028169014084507,
          "support": 64
        },
        "ANHEDONIA": {
          "precision": 0.6410256410256411,
          "recall": 1.0,
          "f1": 0.78125,
          "support": 25
        },
        "APPETITE_CHANGE": {
          "precision": 0.6363636363636364,
          "recall": 0.7777777777777778,
          "f1": 0.7,