{
  "config": {
    "model_name": "distilbert-base-uncased",
    "k_folds": 5,
    "epochs": 5,
    "batch_size": 16,
    "learning_rate": 2e-05,
    "max_length": 128,
    "max_negatives": 400,
    "loss": "CrossEntropyLoss (inverse-freq weights)",
    "total_samples": 1947,
    "total_posts": 1423
  },
  "aggregated": {
    "accuracy": {
      "mean": 0.6769448623185609,
      "std": 0.013583050442379943,
      "values": [
        0.68,
        0.6889460154241646,
        0.6517647058823529,
        0.6884816753926701,
        0.675531914893617
      ]
    },
    "micro_f1": {
      "mean": 0.6769448623185609,
      "std": 0.013583050442379943,
      "values": [
        0.68,
        0.6889460154241646,
        0.6517647058823529,
        0.6884816753926701,
        0.675531914893617
      ]
    },
    "macro_f1": {
      "mean": 0.6653214650826385,
      "std": 0.008128474766813621,
      "values": [
        0.6692107187715077,
        0.6600106950033714,
        0.6667440345858995,
        0.6772584054379152,
        0.653383471614498
      ]
    },
    "micro_precision": {
      "mean": 0.6769448623185609,
      "std": 0.013583050442379943,
      "values": [
        0.68,
        0.6889460154241646,
        0.6517647058823529,
        0.6884816753926701,
        0.675531914893617
      ]
    },
    "micro_recall": {
      "mean": 0.6769448623185609,
      "std": 0.013583050442379943,
      "values": [
        0.68,
        0.6889460154241646,
        0.6517647058823529,
        0.6884816753926701,
        0.675531914893617
      ]
    },
    "macro_precision": {
      "mean": 0.6234907440112172,
      "std": 0.016051809552417227,
      "values": [
        0.629241578195151,
        0.6126563439956861,
        0.6349609561708346,
        0.642499743241289,
        0.5980950984531256
      ]
    },
    "macro_recall": {
      "mean": 0.7559428912341505,
      "std": 0.008906969910312841,
      "values": [
        0.7501357735947825,
        0.7625568479049981,
        0.7694118781496424,
        0.7530411507684235,
        0.7445688057529062
      ]
    },
    "per_class": {
      "DEPRESSED_MOOD": {
        "precision": {
          "mean": 0.7006544316127896,
          "std": 0.024384253013326865
        },
        "recall": {
          "mean": 0.7873294638454779,
          "std": 0.0655594668648248
        },
        "f1": {
          "mean": 0.7391051775874304,
          "std": 0.021939890763178534
        },
        "support": {
          "mean": 73.8,
          "std": 3.1874754901018454
        }
      },
      "ANHEDONIA": {
        "precision": {
          "mean": 0.6389040249927347,
          "std": 0.0831902753097485
        },
        "recall": {
          "mean": 0.8286286893183445,
          "std": 0.03359719636423473
        },
        "f1": {
          "mean": 0.7169949077812373,
          "std": 0.045371448818648345
        },
        "support": {
          "mean": 28.0,
          "std": 1.4142135623730951
        }
      },
      "APPETITE_CHANGE": {
        "precision": {
          "mean": 0.5907936507936508,
          "std": 0.032752305718168714
        },
        "recall": {
          "mean": 0.9800000000000001,
          "std": 0.03999999999999999
        },
        "f1": {
          "mean": 0.7362360248447205,
          "std": 0.0267099695990977
        },
        "support": {
          "mean": 9.6,
          "std": 0.48989794855663565
        }
      },
      "SLEEP_ISSUES": {
        "precision": {
          "mean": 0.6873271300857509,
          "std": 0.07105214124087153
        },
        "recall": {
          "mean": 0.9484848484848485,
          "std": 0.04055684489189144
        },
        "f1": {
          "mean": 0.7943416152805248,
          "std": 0.05240693857625123
        },
        "support": {
          "mean": 22.4,
          "std": 1.4966629547095764
        }
      },
      "PSYCHOMOTOR": {
        "precision": {
          "mean": 0.5428571428571429,
          "std": 0.09689042833036098
        },
        "recall": {
          "mean": 0.7142857142857142,
          "std": 0.12777531299998796
        },
        "f1": {
          "mean": 0.6044110275689223,
          "std": 0.06330602829319401
        },
        "support": {
          "mean": 7.0,
          "std": 0.0
        }
      },
      "FATIGUE": {
        "precision": {
          "mean": 0.7546757382051499,
          "std": 0.0175397793788266
        },
        "recall": {
          "mean": 0.8698133901693412,
          "std": 0.08771115453872907
        },
        "f1": {
          "mean": 0.8068829763595436,
          "std": 0.04713004397776859
        },
        "support": {
          "mean": 29.2,
          "std": 2.5612496949731396
        }
      },
      "WORTHLESSNESS": {
        "precision": {
          "mean": 0.7301699368853255,
          "std": 0.0666118966404414
        },
        "recall": {
          "mean": 0.8453651605569764,
          "std": 0.04746160458087143
        },
        "f1": {
          "mean": 0.7821141486829354,
          "std": 0.049890759070162806
        },
        "support": {
          "mean": 69.6,
          "std": 1.3564659966250536
        }
      },
      "COGNITIVE_ISSUES": {
        "precision": {
          "mean": 0.5529853801169591,
          "std": 0.08689901870248679
        },
        "recall": {
          "mean": 0.8739926739926739,
          "std": 0.03564894934677467
        },
        "f1": {
          "mean": 0.6749470450319347,
          "std": 0.07438045611307813
        },
        "support": {
          "mean": 12.6,
          "std": 0.8
        }
      },
      "SUICIDAL_THOUGHTS": {
        "precision": {
          "mean": 0.8589285685714515,
          "std": 0.045290150260291186
        },
        "recall": {
          "mean": 0.9385199485199486,
          "std": 0.06159200917609196
        },
        "f1": {
          "mean": 0.895313185239257,
          "std": 0.03823345388466642
        },
        "support": {
          "mean": 38.8,
          "std": 2.481934729198171
        }
      },
      "SPECIAL_CASE": {
        "precision": {
          "mean": 0.4546218487394958,
          "std": 0.09256827954586087
        },
        "recall": {
          "mean": 0.45434124527003783,
          "std": 0.08597527810021564
        },
        "f1": {
          "mean": 0.4462244565470372,
          "std": 0.0702364117216344
        },
        "support": {
          "mean": 18.4,
          "std": 1.0198039027185568
        }
      },
      "NO_SYMPTOM": {
        "precision": {
          "mean": 0.3464803312629399,
          "std": 0.23349861233316901
        },
        "recall": {
          "mean": 0.07461066913229317,
          "std": 0.05022355444683612
        },
        "f1": {
          "mean": 0.12196555098547827,
          "std": 0.0811148684167816
        },
        "support": {
          "mean": 80.0,
          "std": 17.44706279005151
        }
      }
    }
  },
  "per_fold": [
    {
      "fold": 1,
      "accuracy": 0.68,
      "micro_f1": 0.68,
      "macro_f1": 0.6692107187715077,
      "micro_precision": 0.68,
      "micro_recall": 0.68,
      "macro_precision": 0.629241578195151,
      "macro_recall": 0.7501357735947825,
      "per_class": {
        "DEPRESSED_MOOD": {
          "precision": 0.7011494252873564,
          "recall": 0.8591549295774648,
          "f1": 0.7721518987341772,
          "support": 71
        },
        "ANHEDONIA": {
          "precision": 0.65625,
          "recall": 0.7777777777777778,
          "f1": 0.711864406779661,
          "support": 27
        },
        "APPETITE_CHANGE": {
          "precision": 0.6,
          "recall": 0.9,
          "f1": 0.72,
          "support": 10
        },
        "SLEEP_ISSUES": {
          "precision": 0.7241379310344828,
          "recall": 0.875,
          "f1": 0.7924528301886793,
          "support": 24
        },
        "PSYCHOMOTOR": {
          "precision": 0.5,
          "recall": 0.8571428571428571,