{
  "config": {
    "model_name": "./ml/models/v2_dapt_base",
    "k_folds": 5,
    "epochs": 7,
    "batch_size": 16,
    "learning_rate": 3e-05,
    "max_length": 128,
    "max_negatives": 400,
    "loss_type": "effective_num",
    "label_smoothing": 0.1,
    "focal_gamma": null,
    "effective_num_beta": 0.999,
    "distillation": true,
    "distill_alpha": 0.6,
    "distill_temperature": 3.0,
    "total_samples": 1596,
    "total_posts": 1189
  },
  "aggregated": {
    "accuracy": {
      "mean": 0.7857030375579963,
      "std": 0.013259813790450692,
      "values": [
        0.7865168539325843,
        0.7905405405405406,
        0.7987421383647799,
        0.7603833865814696,
        0.792332268370607
      ]
    },
    "micro_f1": {
      "mean": 0.7857030375579963,
      "std": 0.013259813790450692,
      "values": [
        0.7865168539325843,
        0.7905405405405406,
        0.7987421383647799,
        0.7603833865814696,
        0.792332268370607
      ]
    },
    "macro_f1": {
      "mean": 0.7630771798814735,
      "std": 0.026622155585797093,
      "values": [
        0.793433929814618,
        0.7533054941753594,
        0.7810395953841911,
        0.7167749803427719,
        0.7708318996904274
      ]
    },
    "micro_precision": {
      "mean": 0.7857030375579963,
      "std": 0.013259813790450692,
      "values": [
        0.7865168539325843,
        0.7905405405405406,
        0.7987421383647799,
        0.7603833865814696,
        0.792332268370607
      ]
    },
    "micro_recall": {
      "mean": 0.7857030375579963,
      "std": 0.013259813790450692,
      "values": [
        0.7865168539325843,
        0.7905405405405406,
        0.7987421383647799,
        0.7603833865814696,
        0.792332268370607
      ]
    },
    "macro_precision": {
      "mean": 0.7789592390859309,
      "std": 0.025204302720022012,
      "values": [
        0.8055105022816019,
        0.7657637683953474,
        0.7937782800492481,
        0.7358832059788999,
        0.7938604387245572
      ]
    },
    "macro_recall": {
      "mean": 0.7715559919890267,
      "std": 0.028031316999133447,
      "values": [
        0.8010382360860828,
        0.7764598453985857,
        0.7884655106010384,
        0.7191315968424465,
        0.7726847710169799
      ]
    },
    "per_class": {
      "DEPRESSED_MOOD": {
        "precision": {
          "mean": 0.8306545776205219,
          "std": 0.01867137834591098
        },
        "recall": {
          "mean": 0.8377368373257571,
          "std": 0.03738305000446644
        },
        "f1": {
          "mean": 0.8334975842614123,
          "std": 0.017455311187961734
        },
        "support": {
          "mean": 63.0,
          "std": 3.03315017762062
        }
      },
      "ANHEDONIA": {
        "precision": {
          "mean": 0.8956549476457942,
          "std": 0.03705417258982887
        },
        "recall": {
          "mean": 0.7808594212804738,
          "std": 0.05469409314616009
        },
        "f1": {
          "mean": 0.8337636985255961,
          "std": 0.04442941570180936
        },
        "support": {
          "mean": 22.4,
          "std": 2.3323807579381204
        }
      },
      "APPETITE_CHANGE": {
        "precision": {
          "mean": 0.7508547008547009,
          "std": 0.10128836216769604
        },
        "recall": {
          "mean": 0.9333333333333332,
          "std": 0.13333333333333336
        },
        "f1": {
          "mean": 0.827196333078686,
          "std": 0.10062579261318377
        },
        "support": {
          "mean": 8.8,
          "std": 0.7483314773547882
        }
      },
      "SLEEP_ISSUES": {
        "precision": {
          "mean": 0.8297229437229436,
          "std": 0.08151596466501562
        },
        "recall": {
          "mean": 0.9417493007882024,
          "std": 0.0533184112364947
        },
        "f1": {
          "mean": 0.879250645994832,
          "std": 0.054110995059577574
        },
        "support": {
          "mean": 20.4,
          "std": 1.7435595774162693
        }
      },
      "PSYCHOMOTOR": {
        "precision": {
          "mean": 0.7657142857142858,
          "std": 0.1610171748983471
        },
        "recall": {
          "mean": 0.680952380952381,
          "std": 0.17142857142857143
        },
        "f1": {
          "mean": 0.7076923076923076,
          "std": 0.1280617973959116
        },
        "support": {
          "mean": 6.2,
          "std": 0.39999999999999997
        }
      },
      "FATIGUE": {
        "precision": {
          "mean": 0.8857028634447989,
          "std": 0.04069398944502192
        },
        "recall": {
          "mean": 0.8708803949673516,
          "std": 0.06700750658996392
        },
        "f1": {
          "mean": 0.8753648392632355,
          "std": 0.026356522994987495
        },
        "support": {
          "mean": 25.2,
          "std": 1.7204650534085253
        }
      },
      "WORTHLESSNESS": {
        "precision": {
          "mean": 0.8781428472812483,
          "std": 0.04658871335116716
        },
        "recall": {
          "mean": 0.8437641473818378,
          "std": 0.052633591718235555
        },
        "f1": {
          "mean": 0.8594495520350118,
          "std": 0.03876526070875816
        },
        "support": {
          "mean": 62.0,
          "std": 2.9664793948382653
        }
      },
      "COGNITIVE_ISSUES": {
        "precision": {
          "mean": 0.5856386260798027,
          "std": 0.154684813688084
        },
        "recall": {
          "mean": 0.7797979797979799,
          "std": 0.11541702510776322
        },
        "f1": {
          "mean": 0.6609557109557109,
          "std": 0.12438928243454779
        },
        "support": {
          "mean": 10.2,
          "std": 0.9797958971132713
        }
      },
      "SUICIDAL_THOUGHTS": {
        "precision": {
          "mean": 0.9570333491386123,
          "std": 0.03186919637159234
        },
        "recall": {
          "mean": 0.9730683430683431,
          "std": 0.016258349959796747
        },
        "f1": {
          "mean": 0.9644455919509992,
          "std": 0.011395597456880114
        },
        "support": {
          "mean": 36.4,
          "std": 1.4966629547095767
        }
      },
      "SPECIAL_CASE": {
        "precision": {
          "mean": 0.7216666666666667,
          "std": 0.10049875621120893
        },
        "recall": {
          "mean": 0.370989010989011,
          "std": 0.07752369736977009
        },
        "f1": {
          "mean": 0.48441512989635216,
          "std": 0.07506081880256638
        },
        "support": {
          "mean": 13.4,
          "std": 1.0198039027185568
        }
      },
      "NO_SYMPTOM": {
        "precision": {
          "mean": 0.46776582177586484,
          "std": 0.12782055801305178
        },
        "recall": {
          "mean": 0.4739847619946219,
          "std": 0.09653840048253699
        },
        "f1": {
          "mean": 0.46781758504206516,
          "std": 0.10987037243231239
        },
        "support": {
          "mean": 51.2,
          "std": 18.583863968507735
        }
      }
    }
  },
  "per_fold": [
    {
      "fold": 1,
      "accuracy": 0.7865168539325843,
      "micro_f1": 0.7865168539325843,
      "macro_f1": 0.793433929814618,
      "micro_precision": 0.7865168539325843,
      "micro_recall": 0.7865168539325843,
      "macro_precision": 0.8055105022816019,
      "macro_recall": 0.8010382360860828,
      "per_class": {
        "DEPRESSED_MOOD": {
          "precision": 0.8,
          "recall": 0.875,
          "f1": 0.835820895522388,
          "support": 64
        },
        "ANHEDONIA": {
          "precision": 0.9130434782608695,
          "recall": 0.84,
          "f1": 0.875,
          "support": 25
        },
        "APPETITE_CHANGE": {
          "precision": 0.6666666666666666,
          "recall": 0.6666666666666666,
          "f1": 0.6666666666666666,