{
  "config": {
    "model_name": "roberta-base",
    "k_folds": 5,
    "epochs": 7,
    "batch_size": 16,
    "learning_rate": 3e-05,
    "max_length": 128,
    "max_negatives": 400,
    "loss_type": "effective_num",
    "label_smoothing": 0.1,
    "focal_gamma": null,
    "effective_num_beta": 0.999,
    "distillation": false,
    "distill_alpha": null,
    "distill_temperature": null,
    "total_samples": 1596,
    "total_posts": 1189
  },
  "aggregated": {
    "accuracy": {
      "mean": 0.8107578906529206,
      "std": 0.01620203703521983,
      "values": [
        0.797752808988764,
        0.8378378378378378,
        0.8207547169811321,
        0.7955271565495208,
        0.8019169329073482
      ]
    },
    "micro_f1": {
      "mean": 0.8107578906529206,
      "std": 0.01620203703521983,
      "values": [
        0.797752808988764,
        0.8378378378378378,
        0.8207547169811321,
        0.7955271565495208,
        0.8019169329073482
      ]
    },
    "macro_f1": {
      "mean": 0.7672316065457745,
      "std": 0.03303253147663654,
      "values": [
        0.7946686504581837,
        0.7930726590013676,
        0.7875067317330519,
        0.7090182235510897,
        0.7518917679851799
      ]
    },
    "micro_precision": {
      "mean": 0.8107578906529206,
      "std": 0.01620203703521983,
      "values": [
        0.797752808988764,
        0.8378378378378378,
        0.8207547169811321,
        0.7955271565495208,
        0.8019169329073482
      ]
    },
    "micro_recall": {
      "mean": 0.8107578906529206,
      "std": 0.01620203703521983,
      "values": [
        0.797752808988764,
        0.8378378378378378,
        0.8207547169811321,
        0.7955271565495208,
        0.8019169329073482
      ]
    },
    "macro_precision": {
      "mean": 0.7487119777373514,
      "std": 0.034380268874849594,
      "values": [
        0.7659984700415322,
        0.7657660521296886,
        0.7826249088712433,
        0.684245541209731,
        0.7449249164345619
      ]
    },
    "macro_recall": {
      "mean": 0.8059243573052491,
      "std": 0.03066618621916511,
      "values": [
        0.8391258319697315,
        0.8390066744682794,
        0.8099475757279908,
        0.7678066384792221,
        0.7737350658810218
      ]
    },
    "per_class": {
      "DEPRESSED_MOOD": {
        "precision": {
          "mean": 0.8447105609687069,
          "std": 0.045155945792637674
        },
        "recall": {
          "mean": 0.9112749202163887,
          "std": 0.02027952236365134
        },
        "f1": {
          "mean": 0.8758133041796317,
          "std": 0.02359508084741951
        },
        "support": {
          "mean": 63.0,
          "std": 3.03315017762062
        }
      },
      "ANHEDONIA": {
        "precision": {
          "mean": 0.8027902097902098,
          "std": 0.039661334124987194
        },
        "recall": {
          "mean": 0.91115333789018,
          "std": 0.057561744881657294
        },
        "f1": {
          "mean": 0.8523474568796651,
          "std": 0.03645303180224351
        },
        "support": {
          "mean": 22.4,
          "std": 2.3323807579381204
        }
      },
      "APPETITE_CHANGE": {
        "precision": {
          "mean": 0.7267532467532467,
          "std": 0.09510395906153758
        },
        "recall": {
          "mean": 0.9355555555555555,
          "std": 0.08788319970348972
        },
        "f1": {
          "mean": 0.8133638443935925,
          "std": 0.0677572168159659
        },
        "support": {
          "mean": 8.8,
          "std": 0.7483314773547882
        }
      },
      "SLEEP_ISSUES": {
        "precision": {
          "mean": 0.8162121212121212,
          "std": 0.07244173745836817
        },
        "recall": {
          "mean": 0.9429261559696342,
          "std": 0.033759758721789816
        },
        "f1": {
          "mean": 0.8724227323064533,
          "std": 0.03875497983386543
        },
        "support": {
          "mean": 20.4,
          "std": 1.7435595774162693
        }
      },
      "PSYCHOMOTOR": {
        "precision": {
          "mean": 0.5883333333333333,
          "std": 0.12400716825158847
        },
        "recall": {
          "mean": 0.6714285714285715,
          "std": 0.2818790207037856
        },
        "f1": {
          "mean": 0.617012987012987,
          "std": 0.19804253756650803
        },
        "support": {
          "mean": 6.2,
          "std": 0.39999999999999997
        }
      },
      "FATIGUE": {
        "precision": {
          "mean": 0.8690845928265283,
          "std": 0.04739736293680656
        },
        "recall": {
          "mean": 0.9195470616340182,
          "std": 0.055320106313905854
        },
        "f1": {
          "mean": 0.8925886467581382,
          "std": 0.042417248676901
        },
        "support": {
          "mean": 25.2,
          "std": 1.7204650534085253
        }
      },
      "WORTHLESSNESS": {
        "precision": {
          "mean": 0.8973090046932966,
          "std": 0.04500716269011482
        },
        "recall": {
          "mean": 0.8988549354103643,
          "std": 0.02603147406441545
        },
        "f1": {
          "mean": 0.8971635290014903,
          "std": 0.021888984303531343
        },
        "support": {
          "mean": 62.0,
          "std": 2.9664793948382653
        }
      },
      "COGNITIVE_ISSUES": {
        "precision": {
          "mean": 0.6008699633699633,
          "std": 0.10767762820138645
        },
        "recall": {
          "mean": 0.8020202020202021,
          "std": 0.06080774522542387
        },
        "f1": {
          "mean": 0.6839999999999999,
          "std": 0.09078423749626241
        },
        "support": {
          "mean": 10.2,
          "std": 0.9797958971132713
        }
      },
      "SUICIDAL_THOUGHTS": {
        "precision": {
          "mean": 0.9371829521829522,
          "std": 0.020192547833011765
        },
        "recall": {
          "mean": 0.9786238986238986,
          "std": 0.019452233568513506
        },
        "f1": {
          "mean": 0.9572697000798266,
          "std": 0.014593563864245143
        },
        "support": {
          "mean": 36.4,
          "std": 1.4966629547095767
        }
      },
      "SPECIAL_CASE": {
        "precision": {
          "mean": 0.5678429027113238,
          "std": 0.07477739315357869
        },
        "recall": {
          "mean": 0.5531501831501833,
          "std": 0.096315433735014
        },
        "f1": {
          "mean": 0.5521072404973983,
          "std": 0.053930616167543584
        },
        "support": {
          "mean": 13.4,
          "std": 1.0198039027185568
        }
      },
      "NO_SYMPTOM": {
        "precision": {
          "mean": 0.5847428672691831,
          "std": 0.136660805975476
        },
        "recall": {
          "mean": 0.3406331084587442,
          "std": 0.13211443508999401
        },
        "f1": {
          "mean": 0.4254582308943363,
          "std": 0.14891329418029417
        },
        "support": {
          "mean": 51.2,
          "std": 18.583863968507735
        }
      }
    }
  },
  "per_fold": [
    {
      "fold": 1,
      "accuracy": 0.797752808988764,
      "micro_f1": 0.797752808988764,
      "macro_f1": 0.7946686504581837,
      "micro_precision": 0.797752808988764,
      "micro_recall": 0.797752808988764,
      "macro_precision": 0.7659984700415322,
      "macro_recall": 0.8391258319697315,
      "per_class": {
        "DEPRESSED_MOOD": {
          "precision": 0.7662337662337663,
          "recall": 0.921875,
          "f1": 0.8368794326241135,
          "support": 64
        },
        "ANHEDONIA": {
          "precision": 0.8333333333333334,
          "recall": 1.0,
          "f1": 0.9090909090909091,
          "support": 25
        },
        "APPETITE_CHANGE": {
          "precision": 0.6363636363636364,
          "recall": 0.7777777777777778,
          "f1": 0.7,